Ticker,Original Investment,Current Value,Percent Change,Position Size
SPY,37500.0,21713250.0,57802.0,37500.0
QQQ,37500.0,18573000.0,49428.0,37500.0
SPY,33750.0,19541925.0,57802.0,33750.0
QQQ,33750.0,16715700.0,49428.0,33750.0
SPY,30375.0,17587732.5,57802.0,30375.0
QQQ,30375.0,15044130.0,49428.0,30375.0
SPY,27337.5,15828959.25,57802.0,27337.5
QQQ,27337.5,13539717.0,49428.0,27337.5
